{
  "config": "SimulationConfig(controller_configs=[ControllerConfig(cmdline='./pox.py --verbose --random-seed=1 openflow.discovery forwarding.l2_multi openflow.of_01 --address=__address__ --port=__port__', address='127.0.0.1', port=6634, cwd='betta')],\n                 topology_class=MeshTopology,\n                 topology_params=\"num_switches=2\",\n                 patch_panel_class=BufferedPatchPanel,\n                 dataplane_trace=\"dataplane_traces/ping_pong_same_subnet.trace\",\n                 multiplex_sockets=False)",
  "iteration_size": {
    "0": 50,
    "1": 50,
    "2": 50,
    "3": 50,
    "4": 50,
    "5": 50,
    "6": 50,
    "7": 50,
    "8": 50,
    "9": 50,
    "10": 50,
    "11": 50,
    "12": 50,
    "13": 49,
    "14": 49,
    "15": 47,
    "16": 47,
    "17": 47,
    "18": 47,
    "19": 47,
    "20": 47,
    "21": 47,
    "22": 47,
    "23": 47,
    "24": 47,
    "25": 46,
    "26": 46,
    "27": 46,
    "28": 46,
    "29": 43,
    "30": 42,
    "31": 42,
    "32": 41,
    "33": 38,
    "34": 38,
    "35": 36,
    "36": 36,
    "37": 36,
    "38": 36,
    "39": 36,
    "40": 36,
    "41": 36,
    "42": 36,
    "43": 34,
    "44": 33,
    "45": 32,
    "46": 32,
    "47": 31,
    "48": 31,
    "49": 31,
    "50": 31,
    "51": 31,
    "52": 31,
    "53": 30,
    "54": 29,
    "55": 28,
    "56": 22,
    "57": 19,
    "58": 19,
    "59": 19,
    "60": 19,
    "61": 19
  },
  "original_duration_seconds": 8.152069091796875,
  "peeker": false,
  "prune_duration_seconds": 845.9190900325775,
  "prune_end_epoch": 1359300134.887605,
  "prune_start_epoch": 1359299288.968515,
  "replay_duration_seconds": 10.75914216041565,
  "replay_end_epoch": 1359299288.968466,
  "replay_start_epoch": 1359299278.209324,
  "total_events": 96,
  "total_inputs": 51,
  "total_inputs_replayed": 2758,
  "total_replays": 61,
  "violation_found_in_run": {
    "0": 17
  }
}