{
  "config": "SimulationConfig(controller_configs=[ControllerConfig(cmdline='./pox.py --verbose --random-seed=1 openflow.discovery forwarding.l2_multi openflow.of_01 --address=__address__ --port=__port__', address='127.0.0.1', port=6633, cwd='betta')],\n                 topology_class=MeshTopology,\n                 topology_params=\"num_switches=2\",\n                 patch_panel_class=BufferedPatchPanel,\n                 dataplane_trace=\"dataplane_traces/ping_pong_same_subnet.trace\",\n                 multiplex_sockets=False)",
  "iteration_size": {
    "0": 50,
    "1": 50,
    "2": 50,
    "3": 50,
    "4": 50,
    "5": 50,
    "6": 50,
    "7": 50,
    "8": 50,
    "9": 50,
    "10": 50,
    "11": 50,
    "12": 50,
    "13": 49,
    "14": 49,
    "15": 47,
    "16": 47,
    "17": 47,
    "18": 47,
    "19": 47,
    "20": 47,
    "21": 47,
    "22": 47,
    "23": 47,
    "24": 47,
    "25": 46,
    "26": 46,
    "27": 46,
    "28": 46,
    "29": 43,
    "30": 42,
    "31": 42,
    "32": 41,
    "33": 41,
    "34": 41,
    "35": 41,
    "36": 39,
    "37": 38,
    "38": 38,
    "39": 38,
    "40": 38,
    "41": 38,
    "42": 38,
    "43": 38,
    "44": 38,
    "45": 38,
    "46": 38,
    "47": 36,
    "48": 35,
    "49": 35,
    "50": 35,
    "51": 35,
    "52": 34,
    "53": 34,
    "54": 34,
    "55": 34,
    "56": 34,
    "57": 34,
    "58": 33,
    "59": 33,
    "60": 33,
    "61": 33,
    "62": 33,
    "63": 33,
    "64": 33,
    "65": 33,
    "66": 33,
    "67": 33,
    "68": 33,
    "69": 33,
    "70": 33,
    "71": 32,
    "72": 32,
    "73": 32,
    "74": 29,
    "75": 29,
    "76": 27
  },
  "original_duration_seconds": 8.152069091796875,
  "peeker": false,
  "prune_duration_seconds": 1231.7684400081635,
  "prune_end_epoch": 1359284722.437496,
  "prune_start_epoch": 1359283490.669056,
  "replay_duration_seconds": 10.745052099227905,
  "replay_end_epoch": 1359283490.669008,
  "replay_start_epoch": 1359283479.923956,
  "total_events": 96,
  "total_inputs": 51,
  "total_inputs_replayed": 3520,
  "total_replays": 76,
  "violation_found_in_run": {
    "0": 15
  }
}